{
  "project_info": {
    "project_number": "944986204124",
    "firebase_url": "https://find-aed.firebaseio.com",
    "project_id": "find-aed",
    "storage_bucket": "find-aed.appspot.com"
  },
  "client": [
    {
      "client_info": {
        "mobilesdk_app_id": "1:944986204124:android:62c6c6f9170dd0c3831119",
        "android_client_info": {
          "package_name": "kau.msproject.searchaed"
        }
      },
      "oauth_client": [
        {
          "client_id": "944986204124-1u4ndpfnrqo06nvgo9o0tc239dgt57i8.apps.googleusercontent.com",
          "client_type": 3
        }
      ],
      "api_key": [
        {
          "current_key": "AIzaSyA1_7o7labeB5i0VKuJiLa2LNH95hMxydA"
        }
      ],
      "services": {
        "appinvite_service": {
          "other_platform_oauth_client": [
            {
              "client_id": "944986204124-1u4ndpfnrqo06nvgo9o0tc239dgt57i8.apps.googleusercontent.com",
              "client_type": 3
            }
          ]
        }
      }
    },
    {
      "client_info": {
        "mobilesdk_app_id": "1:944986204124:android:e4ed35e5292d5d2e831119",
        "android_client_info": {
          "package_name": "kau.smc.findaed"
        }
      },
      "oauth_client": [
        {
          "client_id": "944986204124-1u4ndpfnrqo06nvgo9o0tc239dgt57i8.apps.googleusercontent.com",
          "client_type": 3
        }
      ],
      "api_key": [
        {
          "current_key": "AIzaSyA1_7o7labeB5i0VKuJiLa2LNH95hMxydA"
        }
      ],
      "services": {
        "appinvite_service": {
          "other_platform_oauth_client": [
            {
              "client_id": "944986204124-1u4ndpfnrqo06nvgo9o0tc239dgt57i8.apps.googleusercontent.com",
              "client_type": 3
            }
          ]
        }
      }
    }
  ],
  "configuration_version": "1"
}